date,pm25,,,,,
12/9/2019,0.37,,,,,
12/10/2019,0.42,,,,,
12/11/2019,0.45,,,,,
12/12/2019,1.2,,,,,
12/13/2019,0.63,,,,,
12/14/2019,1.05,,,,,
12/15/2019,0.79,,,,,
12/16/2019,0.63,,,,,
12/17/2019,0.67,,,,,
12/18/2019,0.43,,,,,
12/19/2019,0.5,,,,,
12/20/2019,3.94,,,,,
12/21/2019,2.31,,,,,
12/22/2019,0.78,,,,,
12/23/2019,0.41,,,,,
12/24/2019,1.18,,,,,
12/25/2019,0.35,,,,,
12/26/2019,0.26,,,,,
12/27/2019,0.64,,,,,
12/28/2019,0.69,,,,,
12/29/2019,0.45,,,,,
12/30/2019,0.22,,,,,
12/31/2019,0.22,,,,,
1/1/2020,0.36,,,,,
1/2/2020,0.94,,,,,
1/3/2020,0.28,,,,,
1/4/2020,0.51,,,,,
1/5/2020,0.5,,,,,
1/6/2020,0.78,,,,,
1/7/2020,0.22,,,,,
1/8/2020,0.28,,,,,
1/9/2020,1.2,,,,,
1/10/2020,1.66,,,,,
1/11/2020,0.51,,,,,
1/12/2020,0.3,,,,,
1/13/2020,0.44,,,,,
1/14/2020,0.69,,,,,
1/15/2020,0.8,,,,,
1/16/2020,1.15,,,,,
1/17/2020,1.36,,,,,
1/18/2020,2.46,,,,,
1/19/2020,0.28,,,,,
1/20/2020,0.34,,,,,
1/21/2020,0.46,,,,,
1/22/2020,0.63,,,,,
1/23/2020,0.43,,,,,
1/24/2020,0.35,,,,,
1/25/2020,0.46,,,,,
1/26/2020,0.32,,,,,
1/27/2020,0.72,,,,,
1/28/2020,0.89,,,,,
1/29/2020,0.28,,,,,
1/30/2020,0.83,,,,,
1/31/2020,0.38,,,,,
2/1/2020,0.32,,,,,
2/2/2020,0.23,,,,,
2/3/2020,0.37,,,,,
2/4/2020,0.45,,,,,
2/5/2020,0.31,,,,,
2/6/2020,0.33,,,,,
2/7/2020,0.55,,,,,
2/8/2020,0.49,,,,,
2/9/2020,0.8,,,,,
2/10/2020,0.6,,,,,
2/11/2020,0.25,,,,,
2/12/2020,0.68,,,,,
2/13/2020,0.48,,,,,
2/14/2020,0.56,,,,,
2/15/2020,0.63,,,,,
2/16/2020,0.38,,,,,
2/17/2020,0.76,,,,,
2/18/2020,0.15,,,,,
2/19/2020,0.45,,,,,
2/20/2020,0.45,,,,,
2/21/2020,0.19,,,,,
2/22/2020,0.4,,,,,
2/23/2020,0.42,,,,,
2/24/2020,0.39,,,,,
2/25/2020,0.49,,,,,
2/26/2020,0.6,,,,,
2/27/2020,0.75,,,,,
2/28/2020,0.63,,,,,
2/29/2020,0.65,,,,,
3/1/2020,0.46,,,,,
3/2/2020,0.47,,,,,
3/3/2020,0.45,,,,,
3/4/2020,0.41,,,,,
3/5/2020,0.26,,,,,
3/6/2020,0.68,,,,,
3/7/2020,0.49,,,,,
3/8/2020,2.33,,,,,
3/9/2020,0.57,,,,,
3/10/2020,0.97,,,,,
3/11/2020,0.97,,,,,
3/12/2020,0.45,,,,,
3/13/2020,0.32,,,,,
3/14/2020,0.37,,,,,
3/15/2020,0.44,,,,,
3/16/2020,0.54,,,,,
3/17/2020,0.41,,,,,
3/18/2020,0.46,,,,,
3/19/2020,0.41,,,,,
3/20/2020,0.33,,,,,
3/21/2020,0.53,,,,,
3/22/2020,0.65,,,,,
3/23/2020,0.57,,,,,
3/24/2020,0.96,,,,,
3/25/2020,1.57,,,,,
3/26/2020,0.5,,,,,
3/27/2020,1.18,,,,,
3/28/2020,0.28,,,,,
3/29/2020,0.43,,,,,
3/30/2020,0.91,,,,,
3/31/2020,0.37,,,,,
4/1/2020,0.97,,,,,
4/2/2020,0.44,,,,,
4/3/2020,0.39,,,,,
4/4/2020,0.4,,,,,
4/5/2020,0.69,,,,,
4/6/2020,2.02,,,,,
4/7/2020,2,,,,,
4/8/2020,0.99,,,,,
4/9/2020,0.57,,,,,
4/10/2020,0.45,,,,,
4/11/2020,0.76,,,,,
4/12/2020,0.39,,,,,
4/13/2020,0.54,,,,,
4/14/2020,0.54,,,,,
4/15/2020,0.82,,,,,
4/16/2020,0.44,,,,,
4/17/2020,0.49,,,,,
4/18/2020,0.37,,,,,
4/19/2020,0.44,,,,,
4/20/2020,0.81,,,,,
4/21/2020,0.76,,,,,
4/22/2020,0.97,,,,,
4/23/2020,0.69,,,,,
4/24/2020,0.35,,,,,
4/25/2020,0.26,,,,,
4/26/2020,0.94,,,,,
4/27/2020,0.88,,,,,
4/28/2020,0.65,,,,,
4/29/2020,1.1,,,,,
4/30/2020,1.43,,,,,
5/1/2020,2,,,,,
5/2/2020,2.6,,,,,
5/3/2020,0.47,,,,,
5/4/2020,0.43,,,,,
5/5/2020,0.62,,,,,
5/6/2020,0.77,,,,,
5/7/2020,0.5,,,,,
5/8/2020,0.38,,,,,
5/9/2020,0.35,,,,,
5/10/2020,0.54,,,,,
5/11/2020,0.3,,,,,
5/12/2020,0.35,,,,,
5/13/2020,0.5,,,,,
5/14/2020,0.4,,,,,
5/15/2020,0.49,,,,,
5/16/2020,0.34,,,,,
5/17/2020,0.35,,,,,
5/18/2020,0.31,,,,,
5/19/2020,0.31,,,,,
5/20/2020,0.49,,,,,
5/21/2020,0.75,,,,,
5/22/2020,1.45,,,,,
5/23/2020,0.9,,,,,
5/24/2020,1.6,,,,,
5/25/2020,1.6,,,,,
5/26/2020,0.95,,,,,
5/27/2020,0.65,,,,,
5/28/2020,0.45,,,,,
5/29/2020,0.5,,,,,
5/30/2020,0.2,,,,,
5/31/2020,0.3,,,,,
6/1/2020,0.73,,,,,
6/2/2020,1.45,,,,,
6/3/2020,1.19,,,,,
6/4/2020,1,,,,,
6/5/2020,1.45,,,,,
6/6/2020,2.19,,,,,
6/7/2020,0.5,,,,,
6/8/2020,0.3,,,,,
6/9/2020,0.4,,,,,
6/10/2020,0.5,,,,,
6/11/2020,0.6,,,,,
6/12/2020,0.55,,,,,
6/13/2020,0.5,,,,,
6/14/2020,1.17,,,,,
6/15/2020,1.7,,,,,
6/16/2020,0.79,,,,,
6/17/2020,1.37,,,,,
6/18/2020,2.85,,,,,
6/19/2020,3.08,,,,,
6/20/2020,0.6,,,,,
6/21/2020,2.27,,,,,
6/22/2020,1.82,,,,,
6/23/2020,2.2,,,,,
6/24/2020,2.7,,,,,
6/25/2020,3.3,,,,,
6/26/2020,2.65,,,,,
6/27/2020,1.45,,,,,
6/28/2020,0.5,,,,,
6/29/2020,0.65,,,,,
6/30/2020,0.5,,,,,
7/1/2020,0.4,,,,,
7/2/2020,0.37,,,,,
7/3/2020,0.3,,,,,
7/4/2020,0.2,,,,,
7/5/2020,0.4,,,,,
7/6/2020,0.22,,,,,
7/7/2020,0.4,,,,,
7/8/2020,0.3,,,,,
7/9/2020,0.2,,,,,
7/10/2020,0.3,,,,,
7/11/2020,0.4,,,,,
7/12/2020,0.3,,,,,
7/13/2020,0.2,,,,,
7/14/2020,0.32,,,,,
7/15/2020,0.8,,,,,
7/16/2020,1,,,,,
7/17/2020,0.6,,,,,
7/18/2020,0.5,,,,,
7/19/2020,0.9,,,,,
7/20/2020,1.8,,,,,
7/21/2020,0.2,,,,,
7/22/2020,0.22,,,,,
7/23/2020,0.2,,,,,
7/24/2020,0.2,,,,,
7/25/2020,0.3,,,,,
7/26/2020,0.8,,,,,
7/27/2020,1.05,,,,,
7/28/2020,1.9,,,,,
7/29/2020,0.7,,,,,
7/30/2020,0.6,,,,,
7/31/2020,1.2,,,,,
8/1/2020,1.7,,,,,
8/2/2020,2.58,,,,,
8/3/2020,1.8,,,,,
8/4/2020,0.22,,,,,
8/5/2020,0.37,,,,,
8/6/2020,0.47,,,,,
8/7/2020,1.27,,,,,
8/8/2020,0.94,,,,,
8/9/2020,0.45,,,,,
8/10/2020,0.5,,,,,
8/11/2020,0.56,,,,,
8/12/2020,0.9,,,,,
8/13/2020,1.58,,,,,
8/14/2020,1.83,,,,,
8/15/2020,1.25,,,,,
8/16/2020,0.4,,,,,
8/17/2020,1,,,,,
8/18/2020,2.33,,,,,
8/19/2020,5.68,,,,,
8/20/2020,2.47,,,,,
8/21/2020,2.67,,,,,
8/22/2020,1.2,,,,,
8/23/2020,0.4,,,,,
8/24/2020,0.3,,,,,
8/25/2020,0.25,,,,,
8/26/2020,0.2,,,,,
8/27/2020,0.3,,,,,
8/28/2020,0.37,,,,,
8/29/2020,0.4,,,,,
8/30/2020,0.32,,,,,
8/31/2020,0.3,,,,,
9/1/2020,0.4,,,,,
9/2/2020,1.1,,,,,
9/3/2020,1.8,,,,,
9/4/2020,1,,,,,
9/5/2020,0.5,,,,,
9/6/2020,0.3,,,,,
9/7/2020,0.4,,,,,
9/8/2020,0.3,,,,,
9/9/2020,0.35,,,,,
9/10/2020,0.3,,,,,
9/11/2020,0.65,,,,,
9/12/2020,0.5,,,,,
9/13/2020,0.3,,,,,
9/14/2020,0.62,,,,,
9/15/2020,0.47,,,,,
9/16/2020,0.2,,,,,
9/17/2020,0.3,,,,,
9/18/2020,0.45,,,,,
9/19/2020,0.43,,,,,
9/20/2020,0.32,,,,,
9/21/2020,0.7,,,,,
9/22/2020,0.68,,,,,
9/23/2020,1.8,,,,,
9/24/2020,3.4,,,,,
9/25/2020,0.8,,,,,
9/26/2020,0.4,,,,,
9/27/2020,1.8,,,,,
9/28/2020,2.65,,,,,
9/29/2020,3.67,,,,,
9/30/2020,3.95,,,,,
10/1/2020,1.9,,,,,
10/2/2020,4.12,,,,,
10/3/2020,4.09,,,,,
10/4/2020,4.78,,,,,
10/5/2020,1.75,,,,,
10/6/2020,1.25,,,,,
10/7/2020,0.8,,,,,
10/8/2020,1,,,,,
10/9/2020,0.7,,,,,
10/10/2020,0.3,,,,,
10/11/2020,0.4,,,,,
10/12/2020,0.3,,,,,
10/13/2020,0.3,,,,,
10/14/2020,0.43,,,,,
10/15/2020,0.2,,,,,
10/16/2020,0.28,,,,,
10/17/2020,0.2,,,,,
10/18/2020,0.2,,,,,
10/19/2020,0.3,,,,,
10/20/2020,0.7,,,,,
10/21/2020,1.1,,,,,
10/22/2020,0.28,,,,,
10/23/2020,0.25,,,,,
10/24/2020,0.98,,,,,
10/25/2020,0.73,,,,,
10/26/2020,0.63,,,,,
10/27/2020,0.88,,,,,
10/28/2020,0.7,,,,,
10/29/2020,0.77,,,,,
10/30/2020,0.5,,,,,
10/31/2020,0.75,,,,,
11/1/2020,0.9,,,,,
11/2/2020,0.6,,,,,
11/3/2020,0.4,,,,,
11/4/2020,0.6,,,,,
11/5/2020,0.56,,,,,
11/6/2020,0.5,,,,,
11/7/2020,0.5,,,,,
11/8/2020,0.82,,,,,
11/9/2020,0.4,,,,,
11/10/2020,1.05,,,,,
11/11/2020,1,,,,,
11/12/2020,0.5,,,,,
11/13/2020,3.08,,,,,
11/14/2020,2.38,,,,,
11/15/2020,1.5,,,,,
11/16/2020,5.75,,,,,
11/17/2020,1.02,,,,,
11/18/2020,0.4,,,,,
11/19/2020,0.2,,,,,
11/20/2020,0.63,,,,,
11/21/2020,0.4,,,,,
11/22/2020,0.25,,,,,
11/23/2020,0.2,,,,,
11/24/2020,1.27,,,,,
11/25/2020,1.5,,,,,
11/26/2020,0.3,,,,,
11/27/2020,0.8,,,,,
11/28/2020,0.77,,,,,
11/29/2020,0.6,,,,,
11/30/2020,0.8,,,,,
12/1/2020,0.65,,,,,
12/2/2020,1.55,,,,,
12/3/2020,4.2,,,,,
12/4/2020,1.91,,,,,
12/5/2020,2.58,,,,,
12/6/2020,4.34,,,,,
12/7/2020,2.99,,,,,
12/8/2020,2.9,,,,,
12/9/2020,3.45,,,,,
12/10/2020,2.6,,,,,
12/11/2020,2.6,,,,,
12/12/2020,3.89,,,,,
12/13/2020,2,,,,,
12/14/2020,2.72,,,,,
12/15/2020,1.2,,,,,
12/16/2020,0.67,,,,,
12/17/2020,0.52,,,,,
12/18/2020,0.3,,,,,
12/19/2020,1.5,,,,,
12/20/2020,0.7,,,,,
12/21/2020,1,,,,,
12/22/2020,1.39,,,,,
12/23/2020,0.3,,,,,
12/24/2020,0.2,,,,,
12/25/2020,0.5,,,,,
12/26/2020,0.95,,,,,
12/27/2020,0.8,,,,,
12/28/2020,2.45,,,,,
12/29/2020,0.73,,,,,
12/30/2020,0.65,,,,,
12/31/2020,1.3,,,,,
1/1/2021,1.9,,,,,
1/2/2021,0.77,,,,,
1/3/2021,0.35,,,,,
1/4/2021,0.9,,,,,
1/5/2021,1.4,,,,,
1/6/2021,1.38,,,,,
1/7/2021,1.25,,,,,
1/8/2021,2,,,,,
1/9/2021,1.9,,,,,
1/10/2021,1.52,,,,,
1/11/2021,1.1,,,,,
1/12/2021,0.5,,,,,
1/13/2021,1,,,,,
1/14/2021,1,,,,,
1/15/2021,0.95,,,,,
1/16/2021,1.19,,,,,
1/17/2021,2.47,,,,,
1/18/2021,1.88,,,,,
1/19/2021,2.13,,,,,
1/20/2021,1.84,,,,,
1/21/2021,1.17,,,,,
1/22/2021,0.8,,,,,
1/23/2021,0.5,,,,,
1/24/2021,2.15,,,,,
1/25/2021,0.7,,,,,
1/26/2021,0.47,,,,,
1/27/2021,0.5,,,,,
1/28/2021,0.81,,,,,
1/29/2021,1.77,,,,,
1/30/2021,1.35,,,,,
1/31/2021,1.27,,,,,
2/1/2021,1.2,,,,,
2/2/2021,1.92,,,,,
2/3/2021,1.67,,,,,
2/4/2021,0.82,,,,,
2/5/2021,0.9,,,,,
2/6/2021,0.47,,,,,
2/7/2021,0.3,,,,,
2/8/2021,0.6,,,,,
2/9/2021,0.68,,,,,
2/10/2021,0.68,,,,,
2/11/2021,0.45,,,,,
2/12/2021,0.5,,,,,
2/13/2021,0.4,,,,,
2/14/2021,0.32,,,,,
2/15/2021,1,,,,,
2/16/2021,0.65,,,,,
2/17/2021,0.4,,,,,
2/18/2021,0.7,,,,,
2/19/2021,3.38,,,,,
2/20/2021,2.13,,,,,
2/21/2021,3.4,,,,,
2/22/2021,4.4,,,,,
2/23/2021,2.4,,,,,
2/24/2021,0.7,,,,,
2/25/2021,0.9,,,,,
2/26/2021,0.2,,,,,
2/27/2021,0.25,,,,,
2/28/2021,0.3,,,,,
3/1/2021,0.34,,,,,
3/2/2021,0.8,,,,,
3/3/2021,0.3,,,,,
3/4/2021,0.4,,,,,
3/5/2021,0.4,,,,,
3/6/2021,0.13,,,,,
3/7/2021,0.3,,,,,
3/8/2021,0.6,,,,,
3/9/2021,0.59,,,,,
3/10/2021,0.93,,,,,
3/11/2021,0.85,,,,,
3/12/2021,1.42,,,,,
3/13/2021,2.15,,,,,
3/14/2021,3.33,,,,,
3/15/2021,0.5,,,,,
3/16/2021,0.32,,,,,
3/17/2021,0.31,,,,,
3/18/2021,0.55,,,,,
3/19/2021,0.7,,,,,
3/20/2021,0.2,,,,,
3/21/2021,0.3,,,,,
3/22/2021,0.1,,,,,
3/23/2021,0.2,,,,,
3/24/2021,0.4,,,,,
3/25/2021,0.5,,,,,
3/26/2021,0.63,,,,,
3/27/2021,2.04,,,,,
3/28/2021,1.1,,,,,
3/29/2021,0.5,,,,,
3/30/2021,0.56,,,,,
3/31/2021,0.4,,,,,
4/1/2021,0.3,,,,,
4/2/2021,0.3,,,,,
4/3/2021,0.3,,,,,
4/4/2021,0.7,,,,,
4/5/2021,0.7,,,,,
4/6/2021,0.3,,,,,
4/7/2021,1.1,,,,,
4/8/2021,0.5,,,,,
4/9/2021,0.3,,,,,
4/10/2021,0.3,,,,,
4/11/2021,0.3,,,,,
4/12/2021,0.3,,,,,
4/13/2021,0.17,,,,,
4/14/2021,0.6,,,,,
4/15/2021,1.42,,,,,
4/16/2021,0.73,,,,,
4/17/2021,1.12,,,,,
4/18/2021,1.25,,,,,
4/19/2021,1.39,,,,,
4/20/2021,1.63,,,,,
4/21/2021,1.35,,,,,
4/22/2021,0.52,,,,,
4/23/2021,0.4,,,,,
4/24/2021,0.2,,,,,
4/25/2021,0.25,,,,,
4/26/2021,0.55,,,,,
4/27/2021,0.65,,,,,
4/28/2021,0.6,,,,,
4/29/2021,0.45,,,,,
4/30/2021,0.45,,,,,
5/1/2021,0.5,,,,,
5/2/2021,0.6,,,,,
5/3/2021,1.23,,,,,
5/4/2021,0.65,,,,,
5/5/2021,0.7,,,,,
5/6/2021,1.1,,,,,
5/7/2021,1,,,,,
5/8/2021,0.5,,,,,
5/9/2021,0.82,,,,,
5/10/2021,2.47,,,,,
5/11/2021,1.38,,,,,
5/12/2021,2.6,,,,,
5/13/2021,3.2,,,,,
5/14/2021,1.75,,,,,
5/15/2021,2.33,,,,,
5/16/2021,2.17,,,,,
5/17/2021,1.38,,,,,
5/18/2021,1.9,,,,,
5/19/2021,0.5,,,,,
5/20/2021,0.2,,,,,
5/21/2021,0.3,,,,,
5/22/2021,0.35,,,,,
5/23/2021,0.3,,,,,
5/24/2021,0.6,,,,,
5/25/2021,0.9,,,,,
5/26/2021,1,,,,,
5/27/2021,0.8,,,,,
5/28/2021,0.9,,,,,
5/29/2021,1.4,,,,,
5/30/2021,2.44,,,,,
5/31/2021,0.92,,,,,
6/1/2021,0.63,,,,,
6/2/2021,1.2,,,,,
6/3/2021,1.52,,,,,
6/4/2021,1.72,,,,,
6/5/2021,1.6,,,,,
6/6/2021,2.02,,,,,
6/7/2021,2.96,,,,,
6/8/2021,1.83,,,,,
6/9/2021,2.2,,,,,
6/10/2021,3.63,,,,,
6/11/2021,3.46,,,,,
6/12/2021,0.65,,,,,
6/13/2021,0.32,,,,,
6/14/2021,0.95,,,,,
6/15/2021,0.4,,,,,
6/16/2021,0.47,,,,,
6/17/2021,1,,,,,
6/18/2021,1.98,,,,,
6/19/2021,0.52,,,,,
6/20/2021,0.8,,,,,
6/21/2021,1.5,,,,,
6/22/2021,0.7,,,,,
6/23/2021,0.73,,,,,
6/24/2021,1.42,,,,,
6/25/2021,1.7,,,,,
6/26/2021,1.33,,,,,
6/27/2021,0.77,,,,,
6/28/2021,1.5,,,,,
6/29/2021,3.78,,,,,
6/30/2021,0.6,,,,,
7/1/2021,0.7,,,,,
7/2/2021,0.52,,,,,
7/3/2021,1.4,,,,,
7/4/2021,2.27,,,,,
7/5/2021,2.06,,,,,
7/6/2021,3.33,,,,,
7/7/2021,2.92,,,,,
7/8/2021,0.75,,,,,
7/9/2021,1.4,,,,,
7/10/2021,1.9,,,,,
7/11/2021,3.3,,,,,
7/12/2021,0.55,,,,,
7/13/2021,2.5,,,,,
7/14/2021,3.05,,,,,
7/15/2021,2.4,,,,,
7/16/2021,1.52,,,,,
7/17/2021,2.72,,,,,
7/18/2021,0.55,,,,,
7/19/2021,1.17,,,,,
7/20/2021,0.68,,,,,
7/21/2021,0.3,,,,,
7/22/2021,1.2,,,,,
7/23/2021,0.37,,,,,
7/24/2021,2.33,,,,,
7/25/2021,2.15,,,,,
7/26/2021,2.7,,,,,
7/27/2021,2.4,,,,,
7/28/2021,4.15,,,,,
7/29/2021,4.3,,,,,
7/30/2021,1.3,,,,,
7/31/2021,1.52,,,,,
8/1/2021,0.6,,,,,
8/2/2021,0.2,,,,,
8/3/2021,0.3,,,,,
8/4/2021,0.32,,,,,
8/5/2021,1.5,,,,,
8/6/2021,0.9,,,,,
8/7/2021,0.9,,,,,
8/8/2021,0.8,,,,,
8/9/2021,1.32,,,,,
8/10/2021,1.33,,,,,
8/11/2021,1.45,,,,,
8/17/2021,0.7,,,,,
8/18/2021,0.47,,,,,
8/19/2021,0.3,,,,,
8/20/2021,0.2,,,,,
8/21/2021,0.2,,,,,
8/22/2021,0.4,,,,,
8/23/2021,1.42,,,,,
8/24/2021,1.1,,,,,
8/25/2021,0.2,,,,,
8/26/2021,1.12,,,,,
8/27/2021,1.2,,,,,
8/28/2021,1.14,,,,,
8/29/2021,1.65,,,,,
8/30/2021,1.2,,,,,
8/31/2021,1.3,,,,,
9/1/2021,1.2,,,,,
9/2/2021,0.7,,,,,
9/3/2021,0.38,,,,,
9/4/2021,0.4,,,,,
9/5/2021,0.6,,,,,
9/6/2021,1,,,,,
9/7/2021,1.98,,,,,
9/8/2021,0.43,,,,,
9/9/2021,0.8,,,,,
9/10/2021,0.75,,,,,
9/11/2021,0.8,,,,,
9/12/2021,0.9,,,,,
9/13/2021,0.5,,,,,
9/14/2021,0.6,,,,,
9/15/2021,0.56,,,,,
9/16/2021,1.12,,,,,
9/17/2021,2.27,,,,,
9/18/2021,1.89,,,,,
9/19/2021,1.2,,,,,
9/20/2021,1.6,,,,,
9/21/2021,1.25,,,,,
9/22/2021,1.12,,,,,
9/23/2021,0.88,,,,,
9/24/2021,0.4,,,,,
9/25/2021,0.3,,,,,
9/26/2021,0.6,,,,,
9/27/2021,0.75,,,,,
9/28/2021,1.65,,,,,
9/29/2021,3.97,,,,,
9/30/2021,3.25,,,,,
10/1/2021,1.23,,,,,
10/2/2021,2.4,,,,,
10/3/2021,6.09,,,,,
10/4/2021,1.1,,,,,
10/5/2021,1,,,,,
10/6/2021,2.45,,,,,
10/7/2021,0.32,,,,,
10/8/2021,1.5,,,,,
10/9/2021,1.1,,,,,
10/10/2021,1.05,,,,,
10/11/2021,0.39,,,,,
10/12/2021,0.4,,,,,
10/13/2021,0.5,,,,,
10/14/2021,0.5,,,,,
10/15/2021,0.32,,,,,
10/16/2021,0.2,,,,,
10/17/2021,0.38,,,,,
10/18/2021,0.56,,,,,
10/19/2021,0.65,,,,,
10/20/2021,0.6,,,,,
10/21/2021,0.88,,,,,
10/22/2021,0.2,,,,,
10/23/2021,0.93,,,,,
10/24/2021,1.52,,,,,
10/25/2021,1.2,,,,,
10/26/2021,0.85,,,,,
10/27/2021,0.7,,,,,
10/28/2021,2,,,,,
10/29/2021,1.4,,,,,
10/30/2021,2.9,,,,,
10/31/2021,2.4,,,,,
11/1/2021,3.43,,,,,
11/2/2021,11.95,,,,,
11/3/2021,11.39,,,,,
11/4/2021,0.63,,,,,
11/5/2021,0.7,,,,,
11/6/2021,0.3,,,,,
11/7/2021,0.5,,,,,
11/8/2021,0.55,,,,,
11/9/2021,0.6,,,,,
11/10/2021,0.6,,,,,
11/11/2021,0.44,,,,,
11/12/2021,0.35,,,,,
11/13/2021,0.7,,,,,
11/14/2021,1.08,,,,,
11/15/2021,0.3,,,,,
11/16/2021,1.42,,,,,
11/17/2021,1.37,,,,,
11/18/2021,0.43,,,,,
11/19/2021,0.3,,,,,
11/20/2021,0.2,,,,,
11/21/2021,0.3,,,,,
11/22/2021,0.5,,,,,
11/23/2021,0.3,,,,,
11/24/2021,1,,,,,
11/25/2021,0.3,,,,,
11/26/2021,0.7,,,,,
11/27/2021,1,,,,,
11/28/2021,0.45,,,,,
11/29/2021,0.85,,,,,
11/30/2021,0.5,,,,,
12/1/2021,1,,,,,
12/2/2021,0.47,,,,,
12/3/2021,0.5,,,,,
12/4/2021,0.5,,,,,
12/5/2021,0.73,,,,,
12/6/2021,0.73,,,,,
12/7/2021,1.4,,,,,
12/8/2021,1.67,,,,,
12/9/2021,1.1,,,,,
12/10/2021,0.6,,,,,
12/11/2021,0.6,,,,,
12/12/2021,1.3,,,,,
12/13/2021,2.5,,,,,
12/14/2021,1.6,,,,,
12/15/2021,1,,,,,
12/16/2021,0.3,,,,,
12/17/2021,0.65,,,,,
12/18/2021,0.2,,,,,
12/19/2021,0.2,,,,,
12/20/2021,0.5,,,,,
12/21/2021,0.9,,,,,
12/22/2021,1.77,,,,,
12/23/2021,0.2,,,,,
12/24/2021,0.3,,,,,
12/25/2021,0.4,,,,,
12/26/2021,1.45,,,,,
12/27/2021,2,,,,,
12/28/2021,2.1,,,,,
12/29/2021,2.4,,,,,
12/30/2021,2.6,,,,,
12/31/2021,0.8,,,,,
1/1/2022,1.1,,,,,
1/2/2022,0.8,,,,,
1/3/2022,2.2,,,,,
1/4/2022,0.2,,,,,
1/5/2022,0.3,,,,,
1/6/2022,0.35,,,,,
1/7/2022,0.73,,,,,
1/8/2022,0.65,,,,,
1/9/2022,1.1,,,,,
1/10/2022,1.02,,,,,
1/11/2022,1.77,,,,,
1/12/2022,0.52,,,,,
1/13/2022,0.17,,,,,
1/14/2022,0.4,,,,,
1/15/2022,0.4,,,,,
1/16/2022,0.38,,,,,
1/17/2022,0.35,,,,,
1/18/2022,0.4,,,,,
1/19/2022,0.3,,,,,
1/20/2022,0.5,,,,,
1/21/2022,0.56,,,,,
1/22/2022,0.9,,,,,
1/23/2022,0.88,,,,,
1/24/2022,0.52,,,,,
1/25/2022,0.85,,,,,
1/26/2022,0.9,,,,,
1/27/2022,0.93,,,,,
1/28/2022,0.5,,,,,
1/29/2022,0.38,,,,,
1/30/2022,0.28,,,,,
1/31/2022,0.6,,,,,
2/1/2022,1.64,,,,,
2/2/2022,1.8,,,,,
2/3/2022,2.52,,,,,
2/4/2022,0.5,,,,,
2/5/2022,0.93,,,,,
2/6/2022,1.48,,,,,
2/7/2022,0.7,,,,,
2/8/2022,1.69,,,,,
2/9/2022,0.56,,,,,
2/10/2022,0.38,,,,,
2/11/2022,0.38,,,,,
2/12/2022,0.5,,,,,
2/13/2022,0.3,,,,,
2/14/2022,0.5,,,,,
2/15/2022,0.5,,,,,
2/16/2022,0.47,,,,,
2/17/2022,0.38,,,,,
2/18/2022,0.6,,,,,
2/19/2022,0.73,,,,,
2/20/2022,1.4,,,,,
2/21/2022,1.08,,,,,
2/22/2022,1.1,,,,,
2/23/2022,0.9,,,,,
2/24/2022,0.5,,,,,
2/25/2022,0.7,,,,,
2/26/2022,0.82,,,,,
2/27/2022,0.93,,,,,
2/28/2022,1.08,,,,,
3/1/2022,1.5,,,,,
3/2/2022,0.37,,,,,
3/3/2022,0.5,,,,,
3/4/2022,0.73,,,,,
3/5/2022,0.5,,,,,
3/6/2022,0.4,,,,,
3/7/2022,0.63,,,,,
3/8/2022,1.08,,,,,
3/9/2022,0.6,,,,,
3/10/2022,1.3,,,,,
3/11/2022,3.33,,,,,
3/12/2022,2,,,,,
3/13/2022,2.13,,,,,
3/14/2022,2.45,,,,,
3/15/2022,5.56,,,,,
3/16/2022,11.2,,,,,
3/17/2022,11.68,,,,,
3/18/2022,1.5,,,,,
3/19/2022,0.75,,,,,
3/20/2022,1.3,,,,,
3/21/2022,1.2,,,,,
3/22/2022,4.15,,,,,
3/23/2022,3.3,,,,,
3/24/2022,1.95,,,,,
3/25/2022,1.1,,,,,
3/26/2022,0.75,,,,,
3/27/2022,0.9,,,,,
3/28/2022,0.4,,,,,
3/29/2022,0.45,,,,,
3/30/2022,0.63,,,,,
3/31/2022,0.98,,,,,
4/1/2022,1.02,,,,,
4/2/2022,0.4,,,,,
4/3/2022,0.2,,,,,
4/4/2022,0.5,,,,,
4/5/2022,0.5,,,,,
4/6/2022,0.6,,,,,
4/7/2022,0.6,,,,,
4/8/2022,0.37,,,,,
4/9/2022,0.3,,,,,
4/10/2022,0.3,,,,,
4/11/2022,0.4,,,,,
4/12/2022,0.7,,,,,
4/13/2022,1.33,,,,,
4/14/2022,1.25,,,,,
4/15/2022,0.59,,,,,
4/16/2022,0.52,,,,,
4/17/2022,0.73,,,,,
4/18/2022,1.2,,,,,
4/19/2022,1.23,,,,,
4/20/2022,1.25,,,,,
4/21/2022,1.02,,,,,
4/22/2022,0.7,,,,,
4/23/2022,0.4,,,,,
4/24/2022,0.68,,,,,
4/25/2022,1,,,,,
4/26/2022,0.55,,,,,
4/27/2022,0.45,,,,,
4/28/2022,0.47,,,,,
4/29/2022,0.4,,,,,
4/30/2022,0.3,,,,,
5/1/2022,0.4,,,,,
5/2/2022,0.5,,,,,
5/3/2022,0.5,,,,,
5/4/2022,0.6,,,,,
5/5/2022,0.77,,,,,
5/6/2022,0.75,,,,,
5/7/2022,0.55,,,,,
5/8/2022,0.5,,,,,
5/9/2022,0.8,,,,,
5/10/2022,1.2,,,,,
5/11/2022,0.45,,,,,
5/12/2022,0.3,,,,,
5/13/2022,0.4,,,,,
5/14/2022,0.2,,,,,
5/15/2022,0.3,,,,,
5/16/2022,0.6,,,,,
5/17/2022,0.8,,,,,
5/18/2022,1.17,,,,,
5/19/2022,0.52,,,,,
5/20/2022,0.89,,,,,
5/21/2022,1.1,,,,,
5/22/2022,1.1,,,,,
5/23/2022,2.02,,,,,
5/24/2022,2.12,,,,,
5/25/2022,2.47,,,,,
5/26/2022,2.15,,,,,
5/27/2022,0.82,,,,,
5/28/2022,0.5,,,,,
5/29/2022,0.3,,,,,
5/30/2022,1.8,,,,,
5/31/2022,3.83,,,,,
6/1/2022,1.5,,,,,
6/2/2022,1.33,,,,,
6/3/2022,0.95,,,,,
6/4/2022,0.5,,,,,
6/5/2022,0.5,,,,,
6/6/2022,0.6,,,,,
6/7/2022,0.8,,,,,
6/8/2022,1.3,,,,,
6/9/2022,4.47,,,,,
6/10/2022,2.29,,,,,
6/11/2022,0.98,,,,,
6/12/2022,0.7,,,,,
6/13/2022,0.4,,,,,
6/14/2022,0.4,,,,,
6/15/2022,0.3,,,,,
6/16/2022,0.3,,,,,
6/17/2022,0.4,,,,,
6/18/2022,0.6,,,,,
6/19/2022,0.47,,,,,
6/20/2022,1,,,,,
6/21/2022,1,,,,,
6/22/2022,0.6,,,,,
6/23/2022,0.8,,,,,
6/24/2022,1.5,,,,,
6/25/2022,2.47,,,,,
6/26/2022,2.92,,,,,
6/27/2022,3.28,,,,,
6/28/2022,3.88,,,,,
6/29/2022,6.6,,,,,
6/30/2022,6.1,,,,,
7/1/2022,6.1,,,,,
7/2/2022,6.2,,,,,
7/3/2022,0.4,,,,,
7/4/2022,0.75,,,,,
7/5/2022,0.3,,,,,
7/6/2022,0.2,,,,,
7/7/2022,0.28,,,,,
7/8/2022,0.3,,,,,
7/9/2022,0.22,,,,,
7/10/2022,0.2,,,,,
7/11/2022,0.4,,,,,
7/12/2022,0.4,,,,,
7/13/2022,0.7,,,,,
7/14/2022,0.2,,,,,
7/15/2022,0.3,,,,,
7/16/2022,0.2,,,,,
7/17/2022,0.13,,,,,
7/18/2022,0.45,,,,,
7/19/2022,0.4,,,,,
7/20/2022,1.1,,,,,
7/21/2022,1.3,,,,,
7/22/2022,0.2,,,,,
7/23/2022,0.2,,,,,
7/24/2022,0.43,,,,,
7/25/2022,1.45,,,,,
7/26/2022,1,,,,,
7/27/2022,0.2,,,,,
7/28/2022,0.2,,,,,
7/29/2022,0.3,,,,,
7/30/2022,0.4,,,,,
7/31/2022,0.65,,,,,
8/1/2022,1.27,,,,,
8/2/2022,0.3,,,,,
8/3/2022,0.5,,,,,
8/4/2022,0.6,,,,,
8/5/2022,0.55,,,,,
8/6/2022,0.2,,,,,
8/7/2022,0.5,,,,,
8/8/2022,1.9,,,,,
8/9/2022,1.27,,,,,
8/10/2022,0.65,,,,,
8/11/2022,0.2,,,,,
8/12/2022,0.32,,,,,
8/13/2022,1,,,,,
8/14/2022,2.1,,,,,
8/15/2022,1.8,,,,,
8/16/2022,4.4,,,,,
8/17/2022,3.96,,,,,
8/18/2022,0.6,,,,,
8/19/2022,4.88,,,,,
8/20/2022,3.75,,,,,
8/21/2022,1.15,,,,,
8/22/2022,0.5,,,,,
8/23/2022,0.9,,,,,
8/24/2022,1.1,,,,,
8/25/2022,1,,,,,
8/26/2022,0.98,,,,,
8/27/2022,1.09,,,,,
8/28/2022,0.3,,,,,
8/29/2022,0.2,,,,,
8/30/2022,0.2,,,,,
8/31/2022,0.3,,,,,
9/1/2022,0.22,,,,,
9/2/2022,0.3,,,,,
9/3/2022,0.38,,,,,
9/4/2022,0.47,,,,,
9/5/2022,0.5,,,,,
9/6/2022,0.63,,,,,
9/7/2022,0.4,,,,,
9/8/2022,0.4,,,,,
9/9/2022,0.5,,,,,
9/10/2022,0.7,,,,,
9/11/2022,0.73,,,,,
9/12/2022,0.8,,,,,
9/13/2022,1.33,,,,,
9/14/2022,0.6,,,,,
9/15/2022,0.38,,,,,
9/16/2022,0.3,,,,,
9/17/2022,0.3,,,,,
9/18/2022,0.2,,,,,
9/19/2022,0.2,,,,,
9/20/2022,0.22,,,,,
9/21/2022,0.6,,,,,
9/22/2022,0.5,,,,,
9/23/2022,1,,,,,
9/24/2022,1.63,,,,,
9/25/2022,1.35,,,,,
9/26/2022,1.3,,,,,
9/27/2022,1.88,,,,,
9/28/2022,0.88,,,,,
9/29/2022,0.85,,,,,
9/30/2022,0.7,,,,,
10/1/2022,1.3,,,,,
10/2/2022,2.15,,,,,
10/3/2022,0.65,,,,,
10/4/2022,0.82,,,,,
10/5/2022,0.4,,,,,
10/6/2022,0.2,,,,,
10/7/2022,0.63,,,,,
10/8/2022,0.2,,,,,
10/9/2022,0.2,,,,,
10/10/2022,0.8,,,,,
10/11/2022,0.4,,,,,
10/12/2022,0.3,,,,,
10/13/2022,0.88,,,,,
10/14/2022,1.7,,,,,
10/15/2022,1.1,,,,,
10/16/2022,0.6,,,,,
10/17/2022,0.5,,,,,
10/18/2022,0.32,,,,,
10/21/2022,0.35,,,,,
10/22/2022,1.12,,,,,
10/23/2022,0.5,,,,,
10/24/2022,1.19,,,,,
10/25/2022,0.56,,,,,
10/26/2022,0.4,,,,,
10/27/2022,0.63,,,,,
10/28/2022,1.1,,,,,
10/29/2022,0.4,,,,,
10/30/2022,0.75,,,,,
10/31/2022,1.19,,,,,
11/1/2022,0.68,,,,,
11/2/2022,1.12,,,,,
11/3/2022,1.05,,,,,
11/4/2022,1.58,,,,,
11/5/2022,0.94,,,,,
11/6/2022,0.77,,,,,
11/7/2022,0.4,,,,,
11/8/2022,0.1,,,,,
11/9/2022,0.2,,,,,
11/10/2022,0.88,,,,,
11/11/2022,0.77,,,,,
11/12/2022,0.7,,,,,
11/13/2022,2.4,,,,,
11/14/2022,1.44,,,,,
11/15/2022,0.4,,,,,
11/16/2022,0.4,,,,,
11/17/2022,0.65,,,,,
11/18/2022,0.7,,,,,
11/19/2022,0.63,,,,,
11/20/2022,0.3,,,,,
11/21/2022,1.1,,,,,
11/22/2022,1.63,,,,,
11/23/2022,1.2,,,,,
11/24/2022,1.2,,,,,
11/25/2022,2.4,,,,,
11/26/2022,3.22,,,,,
11/27/2022,2,,,,,
11/28/2022,3.5,,,,,
11/29/2022,2.29,,,,,
11/30/2022,2.5,,,,,
12/1/2022,1.5,,,,,
12/2/2022,1.3,,,,,
12/3/2022,0.4,,,,,
12/4/2022,1.08,,,,,
12/5/2022,0.65,,,,,
12/6/2022,0.5,,,,,
12/7/2022,1.4,,,,,
12/8/2022,0.8,,,,,
12/9/2022,0.75,,,,,
12/10/2022,1.35,,,,,
12/11/2022,1.2,,,,,
12/12/2022,1.3,,,,,
12/13/2022,0.7,,,,,
12/14/2022,1.5,,,,,
12/15/2022,1.58,,,,,
12/16/2022,1.8,,,,,
12/17/2022,4.47,,,,,
12/18/2022,1.7,,,,,
12/19/2022,1.3,,,,,
12/20/2022,4,,,,,
12/21/2022,2.54,,,,,
12/22/2022,1.3,,,,,
12/23/2022,0.65,,,,,
12/24/2022,0.4,,,,,
12/25/2022,1.55,,,,,
12/26/2022,1.1,,,,,
12/27/2022,0.52,,,,,
12/28/2022,1.1,,,,,
12/29/2022,1.14,,,,,
12/30/2022,0.75,,,,,
12/31/2022,1.02,,,,,
1/1/2023,0.6,,,,,
1/2/2023,1.1,,,,,
1/3/2023,0.5,,,,,
1/4/2023,0.9,,,,,
1/5/2023,1.27,,,,,
1/6/2023,0.68,,,,,
1/7/2023,1.27,,,,,
1/8/2023,0.63,,,,,
1/9/2023,0.9,,,,,
1/10/2023,1.3,,,,,
1/11/2023,0.79,,,,,
1/12/2023,0.93,,,,,
1/13/2023,1.14,,,,,
1/14/2023,0.4,,,,,
1/15/2023,0.6,,,,,
1/16/2023,1,,,,,
1/17/2023,0.9,,,,,
1/18/2023,0.7,,,,,
1/19/2023,1.2,,,,,
1/20/2023,0.93,,,,,
1/21/2023,0.9,,,,,
1/22/2023,2.31,,,,,
1/23/2023,2.42,,,,,
1/24/2023,1.08,,,,,
1/25/2023,0.3,,,,,
1/26/2023,0.3,,,,,
1/27/2023,0.6,,,,,
1/28/2023,0.4,,,,,
1/29/2023,0.4,,,,,
1/30/2023,0.2,,,,,
1/31/2023,0.6,,,,,
2/1/2023,0.4,,,,,
2/2/2023,0.4,,,,,
2/3/2023,0.77,,,,,
2/4/2023,0.9,,,,,
2/5/2023,1.1,,,,,
2/6/2023,1.67,,,,,
2/7/2023,1.1,,,,,
2/8/2023,0.75,,,,,
2/9/2023,0.9,,,,,
2/10/2023,0.65,,,,,
2/11/2023,0.7,,,,,
2/12/2023,0.22,,,,,
2/13/2023,0.8,,,,,
2/14/2023,0.98,,,,,
2/15/2023,1.4,,,,,
2/16/2023,2.15,,,,,
2/17/2023,1.55,,,,,
2/18/2023,0.4,,,,,
2/19/2023,0.5,,,,,
2/20/2023,0.6,,,,,
2/21/2023,1.75,,,,,
2/22/2023,1.65,,,,,
2/23/2023,0.8,,,,,
2/24/2023,0.65,,,,,
2/25/2023,0.47,,,,,
2/26/2023,0.4,,,,,
2/27/2023,0.1,,,,,
2/28/2023,0.2,,,,,
3/1/2023,0.3,,,,,
3/2/2023,0.9,,,,,
3/3/2023,0.5,,,,,
3/4/2023,0.43,,,,,
3/5/2023,0.4,,,,,
3/6/2023,0.73,,,,,
3/7/2023,0.95,,,,,
3/8/2023,1,,,,,
3/9/2023,1.12,,,,,
3/10/2023,0.9,,,,,
3/11/2023,0.9,,,,,
3/12/2023,0.4,,,,,
3/13/2023,0.56,,,,,
3/14/2023,0.3,,,,,
3/15/2023,0.4,,,,,
3/16/2023,1.1,,,,,
3/17/2023,1.23,,,,,
3/18/2023,1.65,,,,,
3/19/2023,0.5,,,,,
3/20/2023,0.4,,,,,
3/21/2023,0.2,,,,,
3/22/2023,0.4,,,,,
3/23/2023,0.25,,,,,
3/24/2023,0.47,,,,,
3/25/2023,0.4,,,,,
3/26/2023,0.52,,,,,
3/27/2023,0.85,,,,,
3/28/2023,0.9,,,,,
3/29/2023,0.7,,,,,
3/30/2023,0.98,,,,,
3/31/2023,0.73,,,,,
4/1/2023,0.56,,,,,
4/2/2023,0.73,,,,,
4/3/2023,1.12,,,,,
4/4/2023,0.8,,,,,
4/5/2023,0.98,,,,,
4/6/2023,1,,,,,
4/7/2023,0.55,,,,,
4/8/2023,0.52,,,,,
4/9/2023,0.5,,,,,
4/10/2023,0.7,,,,,
4/11/2023,0.93,,,,,
4/12/2023,1.63,,,,,
4/13/2023,1.2,,,,,
4/14/2023,1.3,,,,,
4/15/2023,1.33,,,,,
4/16/2023,1.7,,,,,
4/17/2023,1.23,,,,,
4/18/2023,0.52,,,,,
4/19/2023,0.8,,,,,
4/20/2023,0.77,,,,,
4/21/2023,0.82,,,,,
4/22/2023,1.2,,,,,
4/23/2023,0.6,,,,,
4/24/2023,0.7,,,,,
4/25/2023,0.8,,,,,
4/26/2023,0.7,,,,,
4/27/2023,0.3,,,,,
4/28/2023,0.6,,,,,
4/29/2023,0.7,,,,,
4/30/2023,0.43,,,,,
5/1/2023,0.7,,,,,
5/2/2023,0.63,,,,,
5/3/2023,0.7,,,,,
5/4/2023,0.52,,,,,
5/5/2023,0.68,,,,,
5/6/2023,1.05,,,,,
5/7/2023,0.88,,,,,
5/8/2023,1.02,,,,,
5/9/2023,1.52,,,,,
5/10/2023,1.88,,,,,
5/11/2023,2.4,,,,,
5/12/2023,2.42,,,,,
5/13/2023,1.7,,,,,
5/14/2023,2.8,,,,,
5/15/2023,2.42,,,,,
5/16/2023,1.95,,,,,
5/17/2023,0.28,,,,,
5/18/2023,0.68,,,,,
5/19/2023,1.2,,,,,
5/20/2023,1.98,,,,,
5/21/2023,2,,,,,
5/22/2023,2.08,,,,,
5/23/2023,1.9,,,,,
5/24/2023,1.3,,,,,
5/25/2023,0.98,,,,,
5/26/2023,0.68,,,,,
5/27/2023,0.9,,,,,
5/28/2023,0.5,,,,,
5/29/2023,1.05,,,,,
5/30/2023,1.3,,,,,
5/31/2023,0.6,,,,,
6/1/2023,0.6,,,,,
6/2/2023,0.3,,,,,
6/3/2023,0.5,,,,,
6/4/2023,0.22,,,,,
6/5/2023,0.68,,,,,
6/6/2023,0.4,,,,,
6/7/2023,0.65,,,,,
6/8/2023,0.75,,,,,
6/9/2023,0.43,,,,,
6/10/2023,0.56,,,,,
6/11/2023,0.7,,,,,
6/12/2023,1.3,,,,,
6/13/2023,2.29,,,,,
6/14/2023,2.45,,,,,
6/15/2023,3.47,,,,,
6/16/2023,4.2,,,,,
6/17/2023,2.38,,,,,
6/18/2023,3.84,,,,,
6/19/2023,5.67,,,,,
6/20/2023,3.95,,,,,
6/21/2023,4.18,,,,,
6/22/2023,3.3,,,,,
6/23/2023,1,,,,,
6/24/2023,0.9,,,,,
6/25/2023,1.2,,,,,
6/26/2023,2.1,,,,,
6/27/2023,2.5,,,,,
6/28/2023,2.88,,,,,
6/29/2023,3.9,,,,,
6/30/2023,3.2,,,,,
7/1/2023,2.6,,,,,
7/2/2023,1.65,,,,,
7/3/2023,1.5,,,,,
7/4/2023,1.58,,,,,
7/5/2023,0.9,,,,,
7/6/2023,1.8,,,,,
7/7/2023,2.38,,,,,
7/8/2023,1.3,,,,,
7/9/2023,1.7,,,,,
7/10/2023,1.65,,,,,
7/11/2023,1.75,,,,,
7/12/2023,1.65,,,,,
7/13/2023,1.23,,,,,
7/14/2023,0.4,,,,,
7/15/2023,0.32,,,,,
7/16/2023,1.3,,,,,
7/17/2023,0.8,,,,,
7/18/2023,0.47,,,,,
7/19/2023,0.3,,,,,
7/20/2023,0.56,,,,,
7/21/2023,0.4,,,,,
7/22/2023,0.3,,,,,
7/23/2023,0.43,,,,,
7/24/2023,0.4,,,,,
7/25/2023,1.55,,,,,
7/26/2023,1.55,,,,,
7/27/2023,1.12,,,,,
7/28/2023,0.7,,,,,
7/29/2023,0.95,,,,,
7/30/2023,1.2,,,,,
7/31/2023,1.3,,,,,
8/1/2023,0.8,,,,,
8/2/2023,0.56,,,,,
8/3/2023,0.55,,,,,
8/4/2023,0.73,,,,,
8/5/2023,0.3,,,,,
8/6/2023,1.3,,,,,
8/7/2023,1.97,,,,,
8/8/2023,2.15,,,,,
8/9/2023,1.25,,,,,
8/10/2023,0.9,,,,,
8/11/2023,0.5,,,,,
8/12/2023,0.88,,,,,
8/13/2023,0.82,,,,,
8/14/2023,0.85,,,,,
8/15/2023,1.2,,,,,
8/16/2023,0.75,,,,,
8/17/2023,0.3,,,,,
8/18/2023,0.3,,,,,
8/19/2023,0.45,,,,,
8/20/2023,1.1,,,,,
8/21/2023,1.92,,,,,
8/22/2023,0.5,,,,,
8/23/2023,0.6,,,,,
8/24/2023,1.67,,,,,
8/25/2023,1.17,,,,,
8/26/2023,1.45,,,,,
8/27/2023,1.55,,,,,
8/28/2023,0.82,,,,,
8/29/2023,0.5,,,,,
8/30/2023,1.2,,,,,
8/31/2023,0.85,,,,,
9/1/2023,0.65,,,,,
9/2/2023,0.4,,,,,
9/3/2023,0.35,,,,,
9/4/2023,0.6,,,,,
9/5/2023,0.5,,,,,
9/6/2023,0.6,,,,,
9/7/2023,0.6,,,,,
9/8/2023,0.7,,,,,
9/9/2023,3.75,,,,,
9/10/2023,3.14,,,,,
9/11/2023,4.2,,,,,
9/12/2023,0.9,,,,,
9/13/2023,0.4,,,,,
9/14/2023,0.4,,,,,
9/15/2023,1,,,,,
9/16/2023,0.8,,,,,
9/17/2023,0.4,,,,,
9/18/2023,0.6,,,,,
9/19/2023,1.1,,,,,
9/20/2023,0.4,,,,,
9/21/2023,1.7,,,,,
9/22/2023,3.67,,,,,
9/23/2023,0.68,,,,,
9/24/2023,0.5,,,,,
9/25/2023,1.5,,,,,
9/26/2023,1.4,,,,,
9/27/2023,1.88,,,,,
9/28/2023,1.3,,,,,
9/29/2023,3.1,,,,,
9/30/2023,3,,,,,
10/1/2023,0.6,,,,,
10/2/2023,1.6,,,,,
10/3/2023,1.1,,,,,
10/4/2023,0.45,,,,,
10/5/2023,0.63,,,,,
10/6/2023,0.65,,,,,
10/7/2023,0.25,,,,,
10/8/2023,0.2,,,,,
10/9/2023,0.3,,,,,
10/10/2023,0.75,,,,,
10/11/2023,0.9,,,,,
10/12/2023,0.3,,,,,
10/13/2023,0.85,,,,,
10/14/2023,0.2,,,,,
10/15/2023,0.3,,,,,
10/16/2023,0.5,,,,,
10/17/2023,0.5,,,,,
10/18/2023,1,,,,,
10/19/2023,0.7,,,,,
10/20/2023,1.21,,,,,
10/21/2023,0.7,,,,,
10/22/2023,1.1,,,,,
10/23/2023,1.4,,,,,
10/24/2023,1.1,,,,,
10/25/2023,1.17,,,,,
10/26/2023,1.7,,,,,
10/27/2023,1.17,,,,,
10/28/2023,0.7,,,,,
10/29/2023,0.7,,,,,
10/30/2023,0.7,,,,,
10/31/2023,0.4,,,,,
11/1/2023,0.32,,,,,
11/2/2023,0.6,,,,,
11/3/2023,0.8,,,,,
11/4/2023,0.4,,,,,
11/5/2023,0.6,,,,,
11/6/2023,1.65,,,,,
11/7/2023,0.3,,,,,
11/8/2023,0.7,,,,,
11/9/2023,0.55,,,,,
11/10/2023,0.2,,,,,
11/11/2023,0.38,,,,,
11/12/2023,0.68,,,,,
11/13/2023,0.8,,,,,
11/14/2023,0.4,,,,,
11/15/2023,0.5,,,,,
11/16/2023,0.92,,,,,
11/17/2023,1.3,,,,,
11/18/2023,0.82,,,,,
11/19/2023,2.08,,,,,
11/20/2023,1.12,,,,,
11/21/2023,1.52,,,,,
11/22/2023,0.4,,,,,
11/23/2023,0.3,,,,,
11/24/2023,0.6,,,,,
11/25/2023,0.3,,,,,
11/26/2023,0.3,,,,,
11/27/2023,1,,,,,
11/28/2023,0.6,,,,,
11/29/2023,0.7,,,,,
11/30/2023,0.98,,,,,
12/1/2023,0.8,,,,,
12/2/2023,1,,,,,
12/3/2023,1.08,,,,,
12/4/2023,0.85,,,,,
12/5/2023,1,,,,,
12/6/2023,1.7,,,,,
12/7/2023,2.33,,,,,
12/8/2023,2.29,,,,,
12/9/2023,2.4,,,,,
12/10/2023,3.67,,,,,
12/11/2023,2.65,,,,,
12/12/2023,2.85,,,,,
12/13/2023,1.7,,,,,
12/14/2023,2.02,,,,,
12/15/2023,2.8,,,,,
12/16/2023,1.5,,,,,
12/17/2023,1.05,,,,,
12/18/2023,0.73,,,,,
12/19/2023,0.3,,,,,
12/20/2023,0.63,,,,,
12/21/2023,1.3,,,,,
12/22/2023,0.75,,,,,
12/23/2023,0.65,,,,,
12/24/2023,1.3,,,,,
12/25/2023,1.7,,,,,
12/26/2023,1.77,,,,,
12/27/2023,0.85,,,,,
12/28/2023,1.42,,,,,
12/29/2023,0.47,,,,,
12/30/2023,1.2,,,,,
12/31/2023,1.52,,,,,
1/1/2024,0.95,,,,,
1/2/2024,0.5,,,,,
1/3/2024,0.65,,,,,
1/4/2024,1.2,,,,,
1/5/2024,1.7,,,,,
1/6/2024,1.9,,,,,
1/7/2024,1.27,,,,,
1/8/2024,0.3,,,,,
1/9/2024,0.1,,,,,
1/10/2024,0.2,,,,,
1/11/2024,0.4,,,,,
1/12/2024,0.38,,,,,
1/13/2024,0.6,,,,,
1/14/2024,0.43,,,,,
1/15/2024,0.5,,,,,
1/16/2024,1.63,,,,,
1/17/2024,1.48,,,,,
1/18/2024,1.2,,,,,
1/19/2024,2.02,,,,,
1/20/2024,2.33,,,,,
1/21/2024,1.63,,,,,
1/22/2024,0.5,,,,,
1/23/2024,0.45,,,,,
1/24/2024,0.75,,,,,
1/25/2024,0.6,,,,,
1/26/2024,1.3,,,,,
1/27/2024,1.5,,,,,
1/28/2024,1.05,,,,,
1/29/2024,1.85,,,,,
1/30/2024,1.3,,,,,
1/31/2024,1.14,,,,,
2/1/2024,0.77,,,,,
2/2/2024,0.75,,,,,
2/3/2024,0.77,,,,,
2/4/2024,0.4,,,,,
2/5/2024,0.45,,,,,
2/6/2024,1.02,,,,,
2/7/2024,1.02,,,,,
2/8/2024,1.8,,,,,
2/9/2024,2.45,,,,,
2/10/2024,3.55,,,,,
2/11/2024,2.04,,,,,
2/12/2024,1.55,,,,,
2/13/2024,1.17,,,,,
2/14/2024,1.5,,,,,
2/15/2024,0.82,,,,,
2/16/2024,0.7,,,,,
2/17/2024,0.2,,,,,
2/18/2024,0.38,,,,,
2/19/2024,1.63,,,,,
2/20/2024,1.82,,,,,
2/21/2024,1.85,,,,,
2/22/2024,0.8,,,,,
2/23/2024,1.2,,,,,
2/24/2024,0.63,,,,,
2/25/2024,0.7,,,,,
2/26/2024,0.8,,,,,
2/27/2024,0.4,,,,,
2/28/2024,0.4,,,,,
2/29/2024,1.6,,,,,
3/1/2024,3.6,,,,,
3/2/2024,3.53,,,,,
3/3/2024,4.28,,,,,
3/4/2024,1.92,,,,,
3/5/2024,1.73,,,,,
3/6/2024,0.9,,,,,
3/7/2024,1,,,,,
3/8/2024,1.05,,,,,
3/9/2024,0.5,,,,,
3/10/2024,0.6,,,,,
3/11/2024,0.8,,,,,
3/12/2024,1.55,,,,,
3/13/2024,2.95,,,,,
3/14/2024,0.43,,,,,
3/15/2024,0.5,,,,,
3/16/2024,0.4,,,,,
3/17/2024,0.5,,,,,
3/18/2024,0.93,,,,,
3/19/2024,0.9,,,,,
3/20/2024,0.7,,,,,
3/21/2024,0.7,,,,,
3/22/2024,0.4,,,,,
3/23/2024,0.3,,,,,
3/24/2024,0.93,,,,,
3/25/2024,1.17,,,,,
3/26/2024,1.02,,,,,
3/27/2024,1.5,,,,,
3/28/2024,3.72,,,,,
3/29/2024,0.75,,,,,
3/30/2024,0.5,,,,,
3/31/2024,1,,,,,
4/1/2024,0.4,,,,,
4/2/2024,0.88,,,,,
4/3/2024,0.7,,,,,
4/4/2024,0.6,,,,,
4/5/2024,0.7,,,,,
4/6/2024,0.9,,,,,
4/7/2024,0.8,,,,,
4/8/2024,1.02,,,,,
4/9/2024,1.9,,,,,
4/10/2024,0.4,,,,,
4/11/2024,0.32,,,,,
4/12/2024,1.73,,,,,
4/13/2024,1.17,,,,,
4/14/2024,0.8,,,,,
4/15/2024,0.2,,,,,
4/16/2024,0.6,,,,,
4/17/2024,0.7,,,,,
4/18/2024,0.98,,,,,
4/19/2024,1.1,,,,,
4/20/2024,0.6,,,,,
4/21/2024,1.27,,,,,
4/22/2024,1.5,,,,,
4/23/2024,1.33,,,,,
4/24/2024,1.58,,,,,
4/25/2024,1.52,,,,,
4/26/2024,1.1,,,,,
4/27/2024,0.6,,,,,
4/28/2024,0.5,,,,,
4/29/2024,0.63,,,,,
4/30/2024,0.9,,,,,
5/1/2024,1.87,,,,,
5/2/2024,1.5,,,,,
5/3/2024,1.27,,,,,
5/4/2024,0.7,,,,,
5/5/2024,0.6,,,,,
5/6/2024,0.6,,,,,
5/7/2024,0.7,,,,,
5/8/2024,0.8,,,,,
5/9/2024,0.7,,,,,
5/10/2024,0.7,,,,,
5/11/2024,0.8,,,,,
5/12/2024,1.1,,,,,
5/13/2024,1.75,,,,,
5/14/2024,1.5,,,,,
5/15/2024,0.75,,,,,
5/16/2024,1.3,,,,,
5/17/2024,2.22,,,,,
5/18/2024,1.8,,,,,
5/19/2024,1,,,,,
5/20/2024,0.4,,,,,
5/21/2024,0.5,,,,,
5/22/2024,0.6,,,,,
5/23/2024,0.9,,,,,
5/24/2024,1.8,,,,,
5/25/2024,1.27,,,,,
5/26/2024,0.9,,,,,
5/27/2024,3.5,,,,,
5/28/2024,2.22,,,,,
5/29/2024,3.96,,,,,
5/30/2024,2.27,,,,,
5/31/2024,2.25,,,,,
6/1/2024,1.3,,,,,
6/2/2024,4.53,,,,,
6/3/2024,5.2,,,,,
6/4/2024,0.93,,,,,
6/5/2024,1.42,,,,,
6/6/2024,0.9,,,,,
6/7/2024,0.9,,,,,
6/8/2024,1.25,,,,,
6/9/2024,0.6,,,,,
6/10/2024,0.6,,,,,
6/11/2024,0.3,,,,,
6/12/2024,0.52,,,,,
6/13/2024,0.7,,,,,
6/14/2024,0.8,,,,,
6/15/2024,1.25,,,,,
6/16/2024,1.25,,,,,
6/17/2024,1.42,,,,,
6/18/2024,1.08,,,,,
6/19/2024,0.3,,,,,
6/20/2024,0.6,,,,,
6/21/2024,0.4,,,,,
6/22/2024,0.4,,,,,
6/23/2024,0.6,,,,,
6/24/2024,0.9,,,,,
6/25/2024,1.23,,,,,
6/26/2024,0.93,,,,,
6/27/2024,0.5,,,,,
6/28/2024,1.63,,,,,
6/29/2024,0.3,,,,,
6/30/2024,0.7,,,,,
7/1/2024,0.5,,,,,
7/2/2024,0.3,,,,,
7/3/2024,0.6,,,,,
7/4/2024,0.8,,,,,
7/5/2024,0.5,,,,,
7/6/2024,0.4,,,,,
7/7/2024,0.63,,,,,
7/8/2024,0.4,,,,,
7/9/2024,0.3,,,,,
7/10/2024,0.68,,,,,
7/11/2024,0.7,,,,,
7/12/2024,0.3,,,,,
7/13/2024,0.3,,,,,
7/14/2024,1.1,,,,,
7/15/2024,1.38,,,,,
7/16/2024,1.65,,,,,
7/17/2024,1.42,,,,,
7/18/2024,0.63,,,,,
7/19/2024,0.3,,,,,
7/20/2024,1.08,,,,,
7/21/2024,5.15,,,,,
7/22/2024,2.47,,,,,
7/23/2024,3.7,,,,,
7/24/2024,0.45,,,,,
7/25/2024,1.17,,,,,
7/26/2024,1.3,,,,,
7/27/2024,1.12,,,,,
7/28/2024,0.4,,,,,
7/29/2024,0.4,,,,,
7/30/2024,0.52,,,,,
7/31/2024,1.3,,,,,
8/1/2024,0.56,,,,,
8/2/2024,0.6,,,,,
8/3/2024,2.35,,,,,
8/4/2024,3.78,,,,,
8/5/2024,2.95,,,,,
8/6/2024,3.21,,,,,
8/7/2024,2.17,,,,,
8/8/2024,2.25,,,,,
8/9/2024,0.93,,,,,
8/10/2024,0.4,,,,,
8/11/2024,0.2,,,,,
8/12/2024,0.2,,,,,
8/13/2024,0.5,,,,,
8/14/2024,1.2,,,,,
8/15/2024,0.8,,,,,
8/16/2024,0.55,,,,,
8/17/2024,0.7,,,,,
8/18/2024,1.8,,,,,
8/19/2024,1.14,,,,,
8/20/2024,1.7,,,,,
8/21/2024,3.17,,,,,
8/22/2024,2.63,,,,,
8/23/2024,1.5,,,,,
8/24/2024,0.3,,,,,
8/25/2024,1.19,,,,,
8/26/2024,1.7,,,,,
8/27/2024,0.9,,,,,
8/28/2024,2.42,,,,,
8/29/2024,3.1,,,,,
8/30/2024,4.68,,,,,
8/31/2024,1.1,,,,,
9/1/2024,2.17,,,,,
9/2/2024,1.7,,,,,
9/3/2024,1,,,,,
9/4/2024,1.88,,,,,
9/5/2024,4.78,,,,,
9/6/2024,4.5,,,,,
9/7/2024,6,,,,,
9/8/2024,6.47,,,,,
9/9/2024,9.77,,,,,
9/10/2024,2.04,,,,,
9/11/2024,1.14,,,,,
9/12/2024,0.6,,,,,
9/13/2024,0.6,,,,,
9/14/2024,0.5,,,,,
9/15/2024,0.6,,,,,
9/16/2024,1.05,,,,,
9/17/2024,0.5,,,,,
9/18/2024,0.6,,,,,
9/19/2024,0.9,,,,,
9/20/2024,0.6,,,,,
9/21/2024,0.43,,,,,
9/22/2024,0.98,,,,,
9/23/2024,3.35,,,,,
9/24/2024,6,,,,,
9/25/2024,3.46,,,,,
9/26/2024,0.2,,,,,
9/27/2024,0.2,,,,,
9/28/2024,0.2,,,,,
9/29/2024,0.2,,,,,
9/30/2024,0.3,,,,,
10/1/2024,0.47,,,,,
10/2/2024,0.5,,,,,
10/3/2024,0.3,,,,,
10/4/2024,0.3,,,,,
10/5/2024,0.3,,,,,
10/6/2024,0.4,,,,,
10/7/2024,0.3,,,,,
10/8/2024,1.1,,,,,
10/9/2024,0.8,,,,,
10/10/2024,0.3,,,,,
10/11/2024,0.45,,,,,
10/12/2024,0.5,,,,,
10/13/2024,1,,,,,
10/14/2024,0.43,,,,,
10/15/2024,0.4,,,,,
10/16/2024,0.6,,,,,
10/17/2024,0.9,,,,,
10/18/2024,1.5,,,,,
10/19/2024,2.54,,,,,
10/20/2024,1.7,,,,,
10/21/2024,2,,,,,
10/22/2024,0.8,,,,,
10/23/2024,0.3,,,,,
10/24/2024,0.85,,,,,
10/25/2024,0.8,,,,,
10/26/2024,0.7,,,,,
10/27/2024,0.9,,,,,
10/28/2024,0.2,,,,,
10/29/2024,0.5,,,,,
10/30/2024,0.2,,,,,
10/31/2024,0.7,,,,,
11/1/2024,0.32,,,,,
11/2/2024,0.43,,,,,
11/3/2024,0.2,,,,,
11/4/2024,0.5,,,,,
11/5/2024,0.1,,,,,
11/6/2024,0.2,,,,,
11/7/2024,0.22,,,,,
11/8/2024,0.38,,,,,
11/9/2024,0.44,,,,,
11/10/2024,0.6,,,,,
11/11/2024,0.2,,,,,
11/12/2024,0.35,,,,,
11/13/2024,0.55,,,,,
11/14/2024,0.88,,,,,
11/15/2024,0.73,,,,,
11/16/2024,0.2,,,,,
11/17/2024,0.2,,,,,
11/18/2024,0.4,,,,,
11/19/2024,0.7,,,,,
11/20/2024,0.52,,,,,
11/21/2024,0.47,,,,,
11/22/2024,0.3,,,,,
11/23/2024,0.6,,,,,
11/24/2024,0.6,,,,,
11/25/2024,0.7,,,,,
11/26/2024,1.45,,,,,
11/27/2024,0.3,,,,,
11/28/2024,0.5,,,,,
11/29/2024,0.56,,,,,
11/30/2024,1.3,,,,,
12/1/2024,0.4,,,,,
12/2/2024,0.4,,,,,
12/3/2024,0.39,,,,,
12/4/2024,1,,,,,
12/5/2024,1.92,,,,,
12/6/2024,2.33,,,,,
12/7/2024,4.09,,,,,
12/8/2024,2.35,,,,,
12/9/2024,1.25,,,,,
12/10/2024,0.6,,,,,
12/11/2024,0.9,,,,,
12/12/2024,0.6,,,,,
12/13/2024,0.7,,,,,
12/14/2024,0.3,,,,,
12/15/2024,0.5,,,,,
12/16/2024,0.6,,,,,
12/17/2024,0.3,,,,,
12/18/2024,0.8,,,,,
12/19/2024,0.7,,,,,
12/20/2024,0.6,,,,,
12/21/2024,1.65,,,,,
12/22/2024,0.7,,,,,
12/23/2024,0.55,,,,,
12/24/2024,0.7,,,,,
12/25/2024,0.8,,,,,
12/26/2024,0.9,,,,,
12/27/2024,0.73,,,,,
12/28/2024,1.3,,,,,
12/29/2024,0.47,,,,,
12/30/2024,0.43,,,,,
12/31/2024,0.4,,,,,
1/1/2025,1.05,,,,,
1/2/2025,0.52,,,,,
1/3/2025,0.45,,,,,
1/4/2025,0.4,,,,,
1/5/2025,0.8,,,,,
1/6/2025,1.2,,,,,
1/7/2025,0.8,,,,,
1/8/2025,1.55,,,,,
1/9/2025,2.52,,,,,
1/10/2025,1.4,,,,,
1/11/2025,0.5,,,,,
1/12/2025,0.5,,,,,
1/13/2025,0.45,,,,,
1/14/2025,0.6,,,,,
1/15/2025,0.6,,,,,
1/16/2025,0.3,,,,,
1/17/2025,0.5,,,,,
1/18/2025,1.4,,,,,
1/19/2025,0.63,,,,,
1/20/2025,0.52,,,,,
1/21/2025,0.8,,,,,
1/22/2025,0.52,,,,,
1/23/2025,0.8,,,,,
1/24/2025,1.25,,,,,
1/25/2025,1.85,,,,,
1/26/2025,1.17,,,,,
1/27/2025,1.12,,,,,
1/28/2025,0.7,,,,,
1/29/2025,0.5,,,,,
1/30/2025,0.28,,,,,
1/31/2025,0.3,,,,,
2/1/2025,0.3,,,,,
2/2/2025,0.68,,,,,
2/3/2025,1.1,,,,,
2/4/2025,1.63,,,,,
2/5/2025,1.02,,,,,
2/6/2025,1,,,,,
2/7/2025,0.8,,,,,
2/8/2025,3.24,,,,,
2/9/2025,1.8,,,,,
2/10/2025,0.73,,,,,
2/11/2025,0.92,,,,,
2/12/2025,0.6,,,,,
2/13/2025,0.8,,,,,
2/14/2025,0.5,,,,,
2/15/2025,0.5,,,,,
2/16/2025,0.3,,,,,
2/17/2025,0.2,,,,,
2/18/2025,0.22,,,,,
2/19/2025,0.6,,,,,
2/20/2025,0.9,,,,,
2/21/2025,1,,,,,
2/22/2025,3.88,,,,,
2/23/2025,3.5,,,,,
2/24/2025,1.5,,,,,
2/25/2025,0.9,,,,,
2/26/2025,0.98,,,,,
2/27/2025,0.68,,,,,
2/28/2025,0.4,,,,,
3/1/2025,1.02,,,,,
3/2/2025,0.3,,,,,
3/3/2025,0.2,,,,,
3/4/2025,0.88,,,,,
3/5/2025,0.3,,,,,
3/6/2025,0.6,,,,,
3/7/2025,1.63,,,,,
3/8/2025,0.6,,,,,
3/9/2025,0.63,,,,,
3/10/2025,0.5,,,,,
3/11/2025,0.5,,,,,
3/12/2025,0.73,,,,,
3/13/2025,0.98,,,,,
3/14/2025,0.7,,,,,
3/15/2025,0.2,,,,,
3/18/2025,0.1,,,,,
3/19/2025,0.3,,,,,
3/20/2025,0.56,,,,,
3/21/2025,0.47,,,,,
3/22/2025,0.99,,,,,
3/23/2025,1.42,,,,,
3/24/2025,2.17,,,,,
3/25/2025,1.52,,,,,
3/26/2025,1.14,,,,,
3/27/2025,0.8,,,,,
3/28/2025,0.52,,,,,
3/29/2025,0.8,,,,,
3/30/2025,1.4,,,,,
3/31/2025,0.98,,,,,
4/1/2025,1.02,,,,,
4/2/2025,1,,,,,
4/3/2025,1.02,,,,,
4/4/2025,0.56,,,,,
4/5/2025,0.3,,,,,
4/6/2025,0.68,,,,,
4/7/2025,0.77,,,,,
4/8/2025,0.55,,,,,
4/9/2025,0.73,,,,,
4/10/2025,0.38,,,,,
4/11/2025,0.4,,,,,
4/12/2025,1,,,,,
4/13/2025,1.2,,,,,
4/14/2025,1.23,,,,,
4/15/2025,0.8,,,,,
4/16/2025,1.63,,,,,
4/17/2025,2.52,,,,,
4/18/2025,2.22,,,,,
4/19/2025,0.3,,,,,
4/20/2025,0.3,,,,,
4/21/2025,0.4,,,,,
4/22/2025,0.7,,,,,
4/23/2025,0.5,,,,,
4/24/2025,0.5,,,,,
4/25/2025,0.4,,,,,
4/26/2025,0.4,,,,,
4/27/2025,0.56,,,,,
4/28/2025,1.02,,,,,
4/29/2025,0.6,,,,,
4/30/2025,0.6,,,,,
5/1/2025,0.9,,,,,
5/2/2025,0.3,,,,,
5/3/2025,0.2,,,,,
5/4/2025,0.3,,,,,
5/5/2025,0.3,,,,,
5/6/2025,0.68,,,,,
5/7/2025,0.6,,,,,
5/8/2025,0.7,,,,,
5/9/2025,0.65,,,,,
5/10/2025,0.73,,,,,
5/11/2025,0.85,,,,,
5/12/2025,1.58,,,,,
5/13/2025,1.02,,,,,
5/14/2025,0.52,,,,,
5/15/2025,0.35,,,,,
5/16/2025,0.25,,,,,
5/17/2025,0.2,,,,,
5/18/2025,0.43,,,,,
5/19/2025,0.6,,,,,
5/20/2025,0.32,,,,,
5/21/2025,0.3,,,,,
5/22/2025,0.65,,,,,
5/23/2025,0.4,,,,,
5/24/2025,0.55,,,,,
5/25/2025,1.08,,,,,
5/26/2025,1.02,,,,,
5/27/2025,0.6,,,,,
5/28/2025,0.7,,,,,
5/29/2025,0.6,,,,,
5/30/2025,0.7,,,,,
5/31/2025,0.2,,,,,
6/1/2025,0.6,,,,,
6/2/2025,0.7,,,,,
6/3/2025,0.55,,,,,
6/4/2025,1.5,,,,,
6/5/2025,0.75,,,,,
6/6/2025,1.4,,,,,
6/7/2025,0.52,,,,,
6/8/2025,0.4,,,,,
6/9/2025,0.6,,,,,
6/10/2025,0.3,,,,,
6/11/2025,0.3,,,,,
6/12/2025,0.3,,,,,
6/13/2025,0.5,,,,,
6/14/2025,0.73,,,,,
6/15/2025,1.38,,,,,
6/16/2025,1.25,,,,,
6/17/2025,1.1,,,,,
6/18/2025,0.4,,,,,
6/19/2025,0.4,,,,,
6/20/2025,0.47,,,,,
6/21/2025,0.38,,,,,
6/22/2025,0.6,,,,,
6/23/2025,1.08,,,,,
6/24/2025,0.5,,,,,
6/25/2025,0.4,,,,,
6/26/2025,1.3,,,,,
6/27/2025,1.3,,,,,
6/28/2025,0.6,,,,,
6/29/2025,0.38,,,,,
6/30/2025,0.3,,,,,
7/1/2025,0.68,,,,,
7/2/2025,0.4,,,,,
7/3/2025,0.47,,,,,
7/4/2025,0.35,,,,,
7/5/2025,1,,,,,
7/6/2025,0.9,,,,,
7/7/2025,0.7,,,,,
7/8/2025,0.77,,,,,
7/9/2025,1.48,,,,,
7/10/2025,2,,,,,
7/11/2025,4.97,,,,,
7/12/2025,4.09,,,,,
7/13/2025,2.9,,,,,
7/14/2025,3.75,,,,,
7/15/2025,1.02,,,,,
7/16/2025,1.8,,,,,
7/17/2025,1.42,,,,,
7/18/2025,1,,,,,
7/19/2025,2.17,,,,,
7/20/2025,2.7,,,,,
7/21/2025,2.58,,,,,
7/22/2025,3,,,,,
7/23/2025,2.8,,,,,
7/24/2025,4.5,,,,,
7/25/2025,2.1,,,,,
7/26/2025,6.2,,,,,
7/27/2025,6.15,,,,,
7/28/2025,3.12,,,,,
7/29/2025,3.05,,,,,
7/30/2025,2.47,,,,,
7/31/2025,5.24,,,,,
8/1/2025,7.22,,,,,
8/2/2025,4.13,,,,,
8/3/2025,1.5,,,,,
8/4/2025,2.1,,,,,
8/5/2025,0.8,,,,,
8/6/2025,0.2,,,,,
8/7/2025,0.5,,,,,
8/8/2025,2.25,,,,,
8/9/2025,1.58,,,,,
8/10/2025,0.68,,,,,
8/11/2025,0.4,,,,,
8/12/2025,0.5,,,,,
8/13/2025,1,,,,,
8/14/2025,1.6,,,,,
8/15/2025,1.75,,,,,
8/16/2025,0.4,,,,,
8/17/2025,0.3,,,,,
8/18/2025,0.8,,,,,
8/19/2025,0.22,,,,,
8/20/2025,0.2,,,,,
8/21/2025,0.1,,,,,
8/22/2025,0.2,,,,,
8/23/2025,0.2,,,,,
8/24/2025,0.1,,,,,
8/25/2025,0.3,,,,,
8/26/2025,0.3,,,,,
8/27/2025,0.5,,,,,
8/28/2025,1.38,,,,,
8/29/2025,1.13,,,,,
8/30/2025,1.8,,,,,
8/31/2025,1.27,,,,,
9/1/2025,2.27,,,,,
9/2/2025,2.02,,,,,
9/3/2025,1.02,,,,,
9/4/2025,2.2,,,,,
9/5/2025,0.9,,,,,
9/6/2025,0.98,,,,,
9/7/2025,3.7,,,,,
9/8/2025,1.63,,,,,
9/9/2025,2.13,,,,,
9/10/2025,5.55,,,,,
9/11/2025,4.8,,,,,
9/12/2025,2.33,,,,,
9/13/2025,0.68,,,,,
9/14/2025,1.23,,,,,
9/15/2025,0.4,,,,,
9/16/2025,1,,,,,
9/17/2025,0.45,,,,,
9/18/2025,0.6,,,,,
9/19/2025,0.43,,,,,
9/20/2025,0.45,,,,,
9/21/2025,0.4,,,,,
9/22/2025,0.22,,,,,
9/23/2025,0.3,,,,,
9/24/2025,0.1,,,,,
9/25/2025,0.2,,,,,
9/26/2025,0.35,,,,,
9/27/2025,0.6,,,,,
9/28/2025,0.88,,,,,
9/29/2025,0.6,,,,,
9/30/2025,0.55,,,,,
10/1/2025,0.4,,,,,
10/2/2025,0.4,,,,,
10/3/2025,1.05,,,,,
10/4/2025,1.4,,,,,
10/5/2025,1.08,,,,,
10/6/2025,1,,,,,
10/7/2025,0.56,,,,,
10/8/2025,0.32,,,,,
10/9/2025,0.28,,,,,
10/10/2025,0.47,,,,,
10/11/2025,0.3,,,,,
10/12/2025,0.13,,,,,
10/13/2025,0.2,,,,,
10/14/2025,0.35,,,,,
10/15/2025,0.2,,,,,
10/16/2025,0.4,,,,,
10/17/2025,0.3,,,,,
10/18/2025,0.22,,,,,
10/19/2025,0.4,,,,,
10/20/2025,0.4,,,,,
10/21/2025,1.12,,,,,
10/22/2025,4.38,,,,,
10/23/2025,4.23,,,,,
10/24/2025,1.5,,,,,
10/25/2025,0.2,,,,,
10/26/2025,0.4,,,,,
10/27/2025,0.6,,,,,
10/28/2025,1.1,,,,,
10/29/2025,0.4,,,,,
10/30/2025,0.3,,,,,
10/31/2025,0.3,,,,,
11/1/2025,0.32,,,,,
11/2/2025,0.4,,,,,
11/3/2025,0.4,,,,,
11/4/2025,0.7,,,,,
11/5/2025,0.8,,,,,
11/6/2025,0.3,,,,,
11/7/2025,0.5,,,,,
11/8/2025,0.3,,,,,
11/9/2025,0.2,,,,,
11/10/2025,0.7,,,,,
11/11/2025,1.67,,,,,
11/12/2025,0.22,,,,,
11/13/2025,0.3,,,,,
11/14/2025,0.4,,,,,
11/15/2025,0.22,,,,,
